{
  "Sample": {
    "Title": "An ASP.NET Core web application that authenticates Azure AD users and calls a web API using OAuth 2.0 access tokens.",
    "Level": 300,
    "Client": "ASP.NET Core 2.0",
    "Service": "ASP.NET Core 2.0",
    "RepositoryUrl": "active-directory-dotnet-webapp-webapi-openidconnect-aspnetcore",
    "Endpoint": "AAD v1.0"
  },

  /*
    This section describes the Azure AD Applications to configure, and their dependencies
  */
  "AADApps": [
    {
      "Id": "service",
      "Name": "TodoListService-aspnetcore",
      "Kind": "WebApi",
      "HomePage": "https://localhost:44351/",
      "ReplyUrls": "https://localhost:44351/",
      "AvailableToOtherTenants": "False",
      "RequiredResourcesAccess": [
        {
          "Resource": "Microsoft Graph",
          "DelegatedPermissions": [ "User.Read" ]
        }
      ]    
    },
    {
      "Id": "client",
      "Name": "TodoListWebApp-aspnetcore",
      "Kind": "WebApp",
      "HomePage":"https://localhost:44377/",
      "ReplyUrls": "https://localhost:44377/, https://localhost:44377/signin-oidc",
      "LogoutUrl": "https://localhost:44371/Account/EndSession",
      "AvailableToOtherTenants": "False",
      "PasswordCredentials": "Auto",
      "RequiredResourcesAccess": [
        {
          "Resource": "Microsoft Graph",
          "DelegatedPermissions": [ "User.Read" ]
        },
        {
          "Resource": "service",
          "DelegatedPermissions": [ "user_impersonation" ]
        }
      ]
    }
  ],

  /*
    This section describes how to update the code in configuration files from the apps coordinates, once the apps
    are created in Azure AD.
    Each section describes a configuration file, for one of the apps, it's type (XML, JSon, plain text), its location
    with respect to the root of the sample, and the mappping (which string in the config file is mapped to which value
  */
  "CodeConfiguration": [
    {
      "App": "service",
      "SettingKind": "Text",
      "SettingFile": "\\..\\TodoListService\\appsettings.json",
      "Mappings": [
        {
          "key": "Domain",
          "value": "$tenantName"
        },
        {
          "key": "TenantId",
          "value": "$tenantId"
        },
        {
          "key": "ClientId",
          "value": "service.AppId"
        }
      ]
    },

    {
      "App": "client",
      "SettingKind": "Text",
      "SettingFile": "\\..\\TodoListWebApp\\appsettings.json",
      "Mappings": [
          {
	          "key": "Domain",
	          "value": "$tenantName"
	        },
	        {
	          "key": "TenantId",
	          "value": "$tenantId"
	        },
	        {
	          "key": "ClientId",
	          "value": "client.AppId"
	        },
	        {
	          "key": "ClientSecret",
	          "value": "client.AppKey"
          },
          {
            "key": "TodoListResourceId",
            "value": "$serviceIdentifierUri"
          }
      ]
    }
  ]
}
